link,tanggal
https://www.gresiksatu.com/ribuan-warga-antusias-ikuti-jalan-sehat-meriah-di-duduksampeyan-gresik/,2024-09-09
https://rri.co.id/kesehatan/959404/aplikasi-satu-sehat-langkah-pemerintah-cegah-penyebaran-mpox,2024-09-07
https://www.kompas.id/baca/humaniora/2024/09/06/integrasi-data-kualitas-udara-dalam-aplikasi-satu-sehat,2024-09-07
https://beritajateng.tv/antisipasi-penyakir-mpox-di-indonesia-pemerintah-membuat-aplikasi-satu-saehat/,2024-09-07
https://radarbangkalan.jawapos.com/news/2315061525/cegah-mpox-menyebar-di-indonesia-dengan-aplikasi-satu-sehat-ini-caranya,2024-09-06
https://regional.kompas.com/read/2024/09/06/113108578/cegah-virus-cacar-monyet-jemaah-umrah-wajib-isi-form-di-aplikasi-satu-sehat,2024-09-06
https://inet.detik.com/science/d-7526257/cegah-mpox-menyebar-warga-ri-wajib-pakai-aplikasi-satu-sehat,2024-09-05
https://gaya.tempo.co/read/1912002/mpox-mengisi-aplikasi-satu-sehat-hingga-donasi-vaksin,2024-09-04
https://gaya.tempo.co/read/1912295/saran-brin-untuk-cegah-penularan-mpox,2024-09-04
https://jakarta.akurat.co/lifestyle/1315048356/tok-pemerintah-resmi-berlakukan-kembali-skrining-lewat-aplikasi-satu-sehat-di-bandara,2024-09-03
https://www.sinpo.id/detail/79672/cegah-mpox-kemenhub-wajibkan-perjalanan-luar-negeri-pakai-satu-sehat,2024-09-02
https://bali.antaranews.com/berita/354775/penumpang-internasional-ke-bali-wajib-miliki-aplikasi-satu-sehat,2024-09-02
https://jabar.tribunnews.com/2024/08/30/pendatang-dari-luar-negeri-wajib-isi-aplikasi-satu-sehat-cegah-penularan-cacar-monyet?page=2,2024-09-02
https://www.warnanusa.com/internasional/83513452264/penumpang-internasional-sekarang-wajib-isi-form-satu-sehat-untuk-antisipasi-cacar-monyet-mpox,2024-09-02
https://www.tribunnews.com/bisnis/2024/08/31/cegah-penyebaran-mpox-airasia-imbau-penumpang-dari-luar-negeri-lengkapi-aplikasi-satu-sehat,2024-09-02
https://kemlu.go.id/madrid/en/news/30434/the-implementation-of-satusehat-health-pass-for-international-travelers-to-indonesia,2024-09-02
https://baliprawara.com/antisipasi-penyebaran-mpox-bandara-ngurah-rai-implementasikan-satu-sehat-health-pass/,2024-09-02
https://www.rri.co.id/denpasar/kesehatan/945534/cegah-mpox-bandara-ngurah-rai-terapkan-satu-sehat-health-pass,2024-09-02
https://www.jawapos.com/ekonomi/015032691/cacar-monyet-mulai-meneror-kemenhub-keluarkan-se-resmi-dan-wajibkan-pelaku-perjalanan-luar-negeri-pakai-aplikasi-satu-sehat,2024-09-02
https://www.borneonews.co.id/berita/362364-dpr-dukung-kewajiban-aplikasi-satu-sehat-cegah-mpox-di-indonesia,2024-09-02
https://www.tribunnews.com/kesehatan/2024/08/29/antisipasi-cacar-monyet-pendatang-dari-luar-negeri-wajib-isi-satu-sehat-health-pass,2024-09-02
https://www.tribunnews.com/bisnis/2024/08/31/cegah-penyebaran-mpox-garuda-terapkan-protokol-satu-sehat-bagi-pelaku-perjalanan-luar-negeri,2024-09-02
https://video.tempo.co/read/39205/waspadai-masuknya-virus-mpox-bandara-ngurah-rai-terapkan-akses-laman-satu-sehat,2024-09-02
https://www.antaranews.com/video/4299751/cegah-penyebaran-mpox-bandara-ngurah-rai-wajibkan-akses-satu-sehat,2024-09-02
https://jabar.tribunnews.com/2024/08/30/pendatang-dari-luar-negeri-wajib-isi-aplikasi-satu-sehat-cegah-penularan-cacar-monyet?page=all,2024-09-02
https://newsroom.airasia.com/news/2024/8/29/indonesia-airasia-informs-international-passengers-to-complete-the-satusehat-health-pass-upon-entry-to-indonesia,2024-09-02
https://www.beritasatu.com/ekonomi/2839612/penumpang-luar-negeri-di-bandara-soekarno-hatta-wajib-isi-keterangan-satusehat,2024-09-02
https://www.traveldailynews.asia/destinations/indonesia-implements-satusehat-health-pass-for-international-travelers-amid-mpox-concerns/,2024-09-02
https://www.tribunnews.com/kesehatan/2024/08/30/cegah-penularan-cacat-monyet-pendatang-dari-luar-negeri-wajib-isi-aplikasi-satu-sehat,2024-09-02
https://gorontalo.antaranews.com/rilis-pers/4299751/cegah-penyebaran-mpox-bandara-ngurah-rai-wajibkan-akses-satu-sehat,2024-09-02
https://rri.co.id/nasional/937439/cegah-mpox-kemenhub-terapkan-penggunaan-aplikasi-satu-sehat,2024-09-02
https://www.suratdokter.com/news/1485029399/cegah-penularan-mpox-kemenhub-wajibkan-pelaku-perjalanan-luar-negeri-memakai-satu-sehat,2024-09-02
https://www.tribunnews.com/bisnis/2024/09/01/cegah-penyebaran-mpox-di-ri-citilink-minta-penumpang-rute-internasional-isi-aplikasi-satu-sehat,2024-09-02
https://nakita.grid.id/read/024142697/cara-isi-formulir-aplikasi-satu-sehat-setelah-dari-luar-negeri?page=all,2024-09-02
https://www.antaranews.com/berita/4293363/cegah-mpox-dpr-dukung-kemenhub-wajibkan-aplikasi-satu-sehat,2024-08-26
https://www.tribunnews.com/bisnis/2024/08/28/kemenhub-terbitkan-se-pencegahan-mpox-pelaku-perjalanan-luar-negeri-wajib-pakai-aplikasi-satu-sehat,2024-08-26
https://www.cnbcindonesia.com/lifestyle/20240828153904-33-567147/cegah-mpox-penumpang-wajib-pakai-aplikasi-satu-sehat,2024-08-26
https://www.kompas.id/baca/internasional/2024/08/27/sambut-iaf-aplikasi-satu-sehat-diaktifkan-untuk-antisipasi-cacar-monyet,2024-08-26
https://sehatnegeriku.kemkes.go.id/baca/rilis-media/20240818/1546252/88-kasus-konfirmasi-mpox-di-indonesia-seksual-sesama-jenis-jadi-salah-satu-penyebab/,2024-08-19
https://www.kompasiana.com/shellyfariskadewi8094/66c5935934777c46e96a4f23/pemanfaatan-platform-indonesia-health-service-ihs-satu-sehat-dalam-pengelolaan-data-kesehatan-sehingga-data-kesehatan-menjadi-efektif-dan-efesien,2024-08-19
https://www.harianhaluan.com/news/1013377574/dinas-kesehatan-pesisir-selatan-lakukan-sosialisasi-aplikasi-satu-sehat-sdmk,2024-08-19
https://www.rri.co.id/kesehatan/938123/dinkes-pessel-gelar-sosialisasi-aplikasi-satu-sehat-sdmk,2024-08-12
https://parenting.co.id/keluarga/data-vaksinasi-anak-akan-disimpan-di-aplikasi-peduli-lindungi-,2024-08-09
https://pressrelease.kontan.co.id/news/telkomsel-luncurkan-komunitas-sehat-solusi-kesehatan-satu-pintu-untuk-kualitas-hidup,2024-08-09
https://dinkes.jakarta.go.id/berita/read/tata-kelola-sumber-daya-manusia-kesehatan-penguatan-pengelolaan-data-sdm-melalui-si-sdmk-dan-satu-sehat-sdmk,2024-07-15
https://sehatnegeriku.kemkes.go.id/baca/video/20240629/0345897/imunisasi-lebih-dari-satu-jenis-vaksin-tidak-sebabkan-kematian/,2024-06-29
https://kupang.tribunnews.com/2024/06/26/rote-ndao-terima-penghargaan-100-persen-rme-puskesmas-terintegrasi-satu-sehat-dari-kemenkes-ri,2024-06-26
https://www.victorynews.id/ntt/33112988364/penjabat-bupati-oder-sombu-terima-penghargaan-100-persen-rme-puskesmas-terintegrasi-satu-sehat-dari-kementerian-kesehatan,2024-06-25
https://roolnews.id/read/15878/kabupaten-rote-ndao-raih-penghargaan-100-rme-puskesmas-terintegrasi-satu-sehat/,2024-06-25
https://flores.tribunnews.com/2024/06/25/kabupaten-rote-ndao-terima-penghargaan-100-persen-rme-puskesmas-terintegrasi-satu-sehat,2024-06-25
https://www.liputan6.com/hot/read/5611686/cara-melihat-sertifikat-vaksin-di-aplikasi-satu-sehat-dan-website-resminya,2024-06-04
https://www.kompasiana.com/reynaldiansyah4762/665dbee4ed64150f9e45f112/aplikasi-satu-sehat-sebagai-layanan-kesehatan-digital-dan-pendukung-komunikasi-kesehatan,2024-06-03
https://kumparan.com/berita-hari-ini/cara-mengecek-vaksin-booster-covid-19-di-aplikasi-satu-sehat-22hNeMK59Bx,2024-05-08
https://www.tribunnews.com/kesehatan/2024/05/01/beredar-email-phishing-mengatasnamakan-satu-sehat-kemenkes-ingatkan-untuk-waspada,2024-05-01
https://kumparan.com/TDA/eklinik-perluas-akses-kesehatan-terintegrasi-dengan-satu-sehat-dan-bpjs-22UVMzeYqeH,2024-04-05
https://kumparan.com/rutandemak/sosialisasi-virtual-satu-sehat-sdmk-rutan-demak-perbaharui-data-mandiri-sdmk-22NjyYJ74pq,2024-03-19
https://diskes.baliprov.go.id/dukung-satu-sehat-dinkes-bali-gelar-validasi-data-kesehatan/,2024-03-18
https://sehatnegeriku.kemkes.go.id/baca/umum/20240307/2045075/urus-sip-kini-bisa-lewat-mal-pelayanan-publik-digital/,2024-03-08
https://www.tribunnews.com/kesehatan/2024/03/07/perluas-manfaat-aplikasi-satu-sehat-kemenkes-nanti-bisa-simpan-hasil-usg-kehamilan,2024-03-07
https://dinkes.kalbarprov.go.id/berita/dinkes-prov-kalbar-melalui-bidang-sumber-daya-kesehatan-gelar-pertemuan-integrasi-satu-sehat/,2024-03-04
https://www.rri.co.id/daerah/566085/rsudma-sumenep-rampungkan-platform-satu-sehat,2024-02-22
https://newsindonesia.co.id/read/berita-sumenep/transformasi-digital-rsud-moh-anwar-sumenep-bersiap-menuju-satu-sehat/,2024-02-01
https://medan.tribunnews.com/2024/01/21/persatuan-rumah-sakit-indonesia-imbau-fasyankes-di-sumut-terintegrasi-satu-sehat-di-tahun-2024,2024-01-21
https://sehatnegeriku.kemkes.go.id/baca/rilis-media/20240117/5444776/tata-cara-penyelenggaraan-perizinan-tenaga-medis-dan-tenaga-kesehatan-dalam-uu-no-17-tahun-2023/,2024-01-17
https://www.tvonenews.com/daerah/sulawesi/169281-dahsyat-jalan-sehat-satu-putaran-bersama-gibran-di-makassar-tembus-satu-juta-lebih-pendaftar,2023-11-25
https://radarmojokerto.jawapos.com/sambel-wader/823318519/perlindungan-kerahasiaan-data-kesehatan-masyarakat-indonesia-dalam-aplikasi-satu-sehat-apakah-aman,2023-11-24
https://fajar.co.id/2023/11/21/jalan-sehat-satu-putaran-di-makassar-dihadiri-gibran-putra-andi-amran-sulaiman-siapkan-hadiah-total-rp-2-miliar/,2023-11-21
https://www.niaga.asia/simpel-kini-rekam-medis-elektronik-terintegrasi-di-aplikasi-satu-sehat/,2023-11-13
https://www.jawapos.com/nasional/013233367/imbau-masyarakat-miliki-gaya-hidup-lebih-baik-kemenkes-luncurkan-fitur-baru-di-aplikasi-satu-sehat,2023-11-07
https://satusehat.kemkes.go.id/platform,2023-10-27
https://dailysocial.id/post/chief-dto-ungkap-update-transformasi-digital-kesehatan,2023-10-18
https://sehatnegeriku.kemkes.go.id/baca/rilis-media/20231011/4444019/penerbitan-str-seumur-hidup-lebih-mudah-lewat-portal-satusehat-sdmk/,2023-10-11
https://dinkes.acehprov.go.id/detailpost/penerbitan-str-seumur-hidup-lebih-mudah-lewat-portal-satu-sehat,2023-10-11
https://mediaindonesia.com/humaniora/620326/tenaga-medis-dan-kesehatan-bisa-dapatkan-str-seumur-hidup-lewat-platform-satu-sehat-sdm-kesehatan,2023-10-11
https://rm.id/baca-berita/ekonomi-bisnis/181644/resmi-mengudara-maxquad-emr-terintegrasi-dengan-satu-sehat-dan-bpjs-kesehatan,2023-07-28
https://dinkes.jogjaprov.go.id/berita/detail/webinar-penguatan-pemantauan-wilayah-melalui-digitalisasi-layanan-primer-simpus-integrasi-dengan-program-satu-sehat,2023-07-20
https://www.djkn.kemenkeu.go.id/kpknl-mamuju/baca-kilas-peristiwa/14755/Jumt-Sehat-bersama-Kakanwil-DJKN-Sulseltrabar-dan-Kemenkeu-Satu-Sulbar.html,2023-07-18
https://www.infopublik.id/kategori/nusantara/718158/dukung-transformasi-pedulilindungi-jadi-satu-sehat-mobile-dinkes-padang-panjang-akan-laksanakan-sosialisasi,2023-06-25
https://www.liputan6.com/hot/read/5309541/cara-ubah-data-sertifikat-vaksin-lewat-whatsapp-tak-perlu-kirim-email-lagi,2023-06-24
https://www.gatra.com/news-574559-kesehatan-akreditasi-dokter-dan-dokter-gigi-lewat-satu-sehat-begini-caranya.html,2023-06-23
https://koran.tempo.co/read/berita-utama/482806/celah-penyalahgunan-data-di-ruu-kesehatan,2023-06-22
https://www.kompas.tv/nasional/418668/status-pandemi-berubah-endemi-aplikasi-satu-sehat-berfungsi-jadi-citizen-health-apps?page=all,2023-06-21
https://www.tribunnews.com/nasional/2023/06/21/indonesia-masuk-endemi-aplikasi-satu-sehat-jadi-citizen-health-apps,2023-06-21
https://www.halodoc.com/artikel/bagaimana-cara-mendapatkan-vaksin-virus-corona-covid-19,2023-06-21
https://www.antaranews.com/berita/3597063/guru-besar-fkui-inisiatif-satu-sehat-perlu-dukungan-jejaring-kerja,2023-06-20
https://teknologi.solopos.com/aplikasi-satu-sehat-mobile-tidak-bisa-login-ini-penjelasan-kemenkes-1563746,2023-06-19
https://surabayapagi.com/read/aplikasi-gayatri-selangkah-menuju-platform-satu-sehat,2023-05-18
https://radarmojokerto.jawapos.com/mojokerto/821024449/aplikasi-kesehatan-kota-mojokerto-gayatri-segera-terintegrasi-ke-satu-sehat,2023-05-18
https://www.rri.co.id/index.php/papua-barat/kesehatan/230701/kemenkes-hadirkan-sertifikat-vaksin-meningitis-satu-sehat-mobile,2023-05-09
https://www.kompas.com/tren/read/2023/05/08/131500865/cara-daftar-dan-cek-vaksin-meningitis-secara-online-lewat-aplikasi-satu,2023-05-08
https://mediaindonesia.com/humaniora/579345/sertifikat-vaksin-meningitis-bisa-diunduh-di-satu-sehat-mobile-ini-caranya,2023-05-07
https://sehatnegeriku.kemkes.go.id/baca/rilis-media/20230507/1642912/hore-sertifikat-vaksin-meningitis-bisa-diunduh-di-satusehat-mobile/,2023-05-07
https://nakita.grid.id/read/023776912/begini-cara-mengatasi-crash-setelah-update-aplikasi-satu-sehat-bisa-dengan-3-langkah-ini?page=all,2023-05-05
https://www.liputan6.com/health/read/5264049/masyarakat-bisa-tes-covid-19-mandiri-hasilnya-dilaporkan-ke-aplikasi-satu-sehat,2023-04-18
https://pontianak.tribunnews.com/2023/04/17/beredar-jasa-tembak-vaksin-covid-19-untuk-mudik-lebaran-2023-ini-penjelasan-kemenkes,2023-04-17
https://www.kompas.com/tren/read/2023/04/17/103000865/jelang-mudik-marak-jasa-tembak-vaksin-covid-19-tanpa-suntik-diklaim-tembus,2023-04-17
https://nasional.kompas.com/read/2023/04/14/20353141/kemenkes-targetkan-seluruh-fasyankes-sudah-terintegrasi-satu-sehat-tahun-ini,2023-04-14
https://www.cnbcindonesia.com/tech/20230410050352-37-428413/aplikasi-satu-sehat-tak-bisa-dibuka-bisa-coba-dua-cara-ini,2023-04-10
https://www.finansialku.com/lifestyle/cara-mengecek-sertifikat-vaksin/,2023-04-06
https://sehatnegeriku.kemkes.go.id/baca/rilis-media/20230402/3342712/str-dokter-seumur-hidup-syarat-pemenuhan-kompetensi-tetap-berlaku/,2023-04-02
https://diskes.baliprov.go.id/validasi-data-kesehatan-dengan-satusehat/,2023-03-30
https://www.cnbcindonesia.com/news/20230328204002-4-425270/jreng-data-aplikasi-satu-sehat-dikelola-pihak-ketiga-siapa,2023-03-28
https://www.jpnn.com/news/aplikasi-cepat-sehat-dukung-pemerintah-kembangkan-satu-sehat-mobile,2023-03-24
https://www.tribunnews.com/kesehatan/2023/03/20/aplikasi-satu-sehat-dinilai-bisa-tingkatkan-kualitas-layanan-kesehatan-digital-di-indonesia,2023-03-20
https://health.detik.com/berita-detikhealth/d-6625319/cara-melihat-sertifikat-vaksin-terbaru-di-aplikasi-satusehat,2023-03-17
https://unair.ac.id/rekam-medis-elektronik-tantangan-optimalkan-layanan-kesehatan/,2023-03-17
https://video.kompas.com/watch/270376/cara-cek-tiket-vaksin-booster-di-aplikasi-satu-sehat,2023-03-15
https://www.liputan6.com/cek-fakta/read/5232438/waspada-pesan-berantai-minta-update-aplikasi-satu-sehat-catut-nama-kemenkes,2023-03-14
https://video.kompas.com/watch/267777/cara-download-sertifikat-vaksin-di-aplikasi-satu-sehat,2023-03-14
https://teknologi.solopos.com/sertifikasi-vaksin-anak-belum-masuk-satu-sehat-begini-cara-menambahkannya-1572412,2023-03-12
https://www.krjogja.com/nasional/1242455171/ini-syarat-naik-kereta-api-per-maret-2023-disesuaikan-lewat-satu-sehat,2023-03-11
https://telset.id/how-to/cara-cek-sertifikat-vaksin-covid-19-satu-sehat/,2023-03-10
https://video.kompas.com/watch/265420/begini-cara-cek-sertifikat-vaksin-di-aplikasi-satu-sehat,2023-03-10
https://www.cnbcindonesia.com/tech/20230310130319-37-420625/alasan-tidak-bisa-tambah-nik-di-satu-sehat-coba-cara-ini,2023-03-10
https://nextren.grid.id/read/013722564/inilah-cara-mengatasi-aplikasi-satu-sehat-stuck-di-logo-mudah-kok,2023-03-10
https://www.liputan6.com/health/read/5229223/satu-sehat-mobile-gantikan-pedulilindungi-se-satgas-covid-19-bakal-berubah,2023-03-10
https://www.medcom.id/teknologi/tips-trik/GNlMjdgb-cara-ubah-nomor-hp-di-aplikasi-satu-sehat-mobile,2023-03-10
https://www.harapanrakyat.com/2023/03/dinkes-ciamis-ajak-masyarakat-update-aplikasi-peduli-lindungi-ke-satu-sehat-mobile/,2023-03-09
https://teknologi.bisnis.com/read/20230309/84/1635600/sertifikat-vaksin-anak-tak-muncul-di-satu-sehat-mobile-begini-caranya,2023-03-09
https://www.cnbcindonesia.com/tech/20230308113244-37-419869/aplikasi-satu-sehat-tak-bisa-dibuka-coba-2-cara-ini,2023-03-08
https://www.beritatrans.com/artikel/235695/Aplikasi-Satu-Sehat-Jadi-Syarat-Terbaru-Naik-Pesawat-dan-Kereta-Api/,2023-03-08
https://tekno.tempo.co/read/1700094/begini-cara-mengunduh-sertifikat-vaksin-di-aplikasi-satu-sehat-mobile,2023-03-08
https://indonesia.go.id/kategori/kesehatan/6916/tutorial-mengakses-aplikasi-satusehat?lang=1,2023-03-08
https://tekno.kompas.com/read/2023/03/08/12300067/mengapa-tidak-bisa-menambahkan-nik-di-profil-satu-sehat-,2023-03-08
https://www.cnbcindonesia.com/tech/20230308163645-37-420027/ini-cara-ubah-nomor-hp-di-aplikasi-satu-sehat-mobile,2023-03-08
https://tekno.kompas.com/read/2023/03/07/13150007/cara-mengatasi-aplikasi-satu-sehat-crash-di-hp-android-,2023-03-07
https://ekonomi.bisnis.com/read/20230307/98/1634872/satu-sehat-jadi-syarat-naik-pesawat-dan-kereta-api-terbaru-2023,2023-03-07
https://tekno.kompas.com/read/2023/03/07/11150097/satu-sehat-tidak-bisa-dibuka-hanya-menampilkan-logo-begini-2-cara-mengatasinya,2023-03-07
https://ekonomi.bisnis.com/read/20230307/98/1634864/satu-sehat-jadi-syarat-naik-pesawat-diakses-2-juta-orang-per-hari,2023-03-07
https://ekonomi.bisnis.com/read/20230306/98/1634184/jadi-syarat-naik-pesawat-maret-2023-simak-cara-update-pedulilindungi-jadi-satu-sehat,2023-03-06
https://ekonomi.bisnis.com/read/20230306/98/1634332/syarat-naik-pesawat-lebaran-2023-usai-ada-satu-sehat,2023-03-06
https://lifestyle.bisnis.com/read/20230306/106/1634334/cara-lihat-sertifikat-vaksin-di-aplikasi-satu-sehat,2023-03-06
https://ekonomi.bisnis.com/read/20230306/98/1634183/ingat-ini-syarat-terbaru-naik-pesawat-pakai-aplikasi-satu-sehat,2023-03-06
https://indonesiabaik.id/infografis/cara-cek-dan-download-sertifikat-vaksin-di-satusehat-mobile,2023-03-06
https://m.cyberthreat.id/read/15434/Seberapa-Aman-Aplikasi-Satu-Sehat-Kemenkes-Data-Rekam-Medis-Diakses-Atas-Seizin-Pasien,2023-03-06
https://tekno.kompas.com/read/2023/03/06/16150087/cara-mengubah-nomor-ponsel-di-satu-sehat-mobile,2023-03-06
https://www.cnbcindonesia.com/tech/20230306080458-37-419085/simak-cara-download-sertifikat-vaksin-di-aplikasi-satusehat,2023-03-06
https://tekno.kompas.com/read/2023/03/05/08000057/cara-cek-tiket-vaksin-booster-di-aplikasi-satu-sehat-,2023-03-05
https://pontianak.tribunnews.com/2023/03/05/apa-kegunaan-aplikasi-satu-sehat-mobile-cara-cek-download-sertifikat-vaksin,2023-03-05
https://tekno.kompas.com/read/2023/03/05/18150027/cara-download-sertifikat-vaksin-di-satu-sehat-,2023-03-05
https://www.liputan6.com/health/read/5223368/sudah-beralih-dari-pedulilindungi-cek-sertifikat-vaksin-di-satusehat-mobile-dengan-cara-ini,2023-03-04
https://nextren.grid.id/read/013715347/cara-mudah-cek-kamar-rawat-inap-rumah-sakit-di-aplikasi-satu-sehat,2023-03-04
https://tekno.sindonews.com/read/1037919/207/mengenal-aplikasi-satu-sehat-pengganti-peduli-lindungi-bukan-sekadar-simpan-data-vaksin-1677888204,2023-03-04
https://www.smol.id/techno/717837735/alasan-kenapa-aplikasi-satu-sehat-tidak-bisa-dibuka-ternyata-karena-ini-simak-solusinya-di-sini,2023-03-04
https://kumparan.com/berita-hari-ini/cara-melihat-sertifikat-vaksin-di-aplikasi-satu-sehat-mobile-1zwlx1NkwFh,2023-03-04
https://www.rri.co.id/kesehatan/179135/pedulilindungi-transformasi-jadi-satu-sehat-mobile,2023-03-04
https://ekonomi.bisnis.com/read/20230304/98/1633970/syarat-naik-kereta-api-terbaru-maret-2023-usai-ada-satu-sehat,2023-03-04
https://www.sangalu.com/teknologi/837844243/ganti-pedulilindungi-aplikasi-satu-sehat-masih-banyak-kekurangan,2023-03-04
https://www.konteks.co.id/digital/84074/fitur-baru-satu-sehat-pengganti-pedulilindungi-untuk-pengguna-ios/,2023-03-04
https://news.detik.com/berita/d-6597966/cara-login-aplikasi-satusehat-dengan-nomor-hp-dan-email,2023-03-03
https://tekno.kompas.com/read/2023/03/03/09300067/sederet-keluhan-di-aplikasi-satu-sehat-mulai-dari-gagal-login-dan-tiket-booster?page=all,2023-03-03
https://www.liputan6.com/regional/read/5223187/cara-cepat-melihat-sertifikat-vaksin-di-aplikasi-satu-sehat-mobile,2023-03-03
https://indonesia.go.id/kategori/editorial/6903/satusehat-layanan-kesehatan-terpadu-dalam-genggaman?lang=1,2023-03-03
https://www.kompas.com/tren/read/2023/03/03/103000265/update-proses-migrasi-dari-pedulilindungi-ke-satu-sehat-mobile-masih,2023-03-03
https://www.kompas.id/baca/opini/2023/03/02/indonesia-menuju-satu-sehat,2023-03-03
https://pontianak.tribunnews.com/2023/03/03/solusi-mengatasi-aplikasi-satu-sehat-mobile-susah-login,2023-03-03
https://jatimtimes.com/baca/284734/20230303/091800/peduli-lindungi-beralih-jadi-satu-sehat-mobile-masih-sama-atau-sudah-beda-fungsinya,2023-03-03
https://www.jatimnetwork.com/teknologi/437829765/cara-login-aplikasi-satu-sehat-bisa-login-di-web,2023-03-03
https://www.lintaspapua.com/kesehatan/6557831056/aplikasi-pedulilindungi-terintegrasi-ke-satusehat-demikian-layanan-kesehatan-terpadu-dalam-genggaman,2023-03-03
https://gaya.tempo.co/read/1698350/cara-gunakan-aplikasi-satu-sehat-pengganti-pedulilindungi,2023-03-03
https://ekonomi.bisnis.com/read/20230303/98/1633772/syarat-naik-pesawat-terbaru-maret-2023-usai-ada-satu-sehat,2023-03-03
https://jatimtimes.com/baca/284750/20230303/074400/peduli-lindungi-bertransformasi-satusehat-mobile-menjadi-aplikasi-yang-memudahkan-masyarakat-dengan-fitur-fitur-barunya,2023-03-03
https://www.liputan6.com/tekno/read/5223174/fungsi-website-satu-sehat-yang-gantikan-pedulilindungiid,2023-03-03
https://fraksi.pks.id/2023/03/03/data-kesehatan-pribadi-masuk-aplikasi-satu-sehat-aleg-pks-amankah-proteksinya/,2023-03-03
https://www.liputan6.com/citizen6/read/5223224/langkah-langkah-cara-melihat-sertifikat-vaksin-di-aplikasi-satu-sehat,2023-03-03
https://www.tribunnews.com/corona/2023/03/02/cara-cek-sertifikat-vaksin-di-satu-sehat-mobile-perbarui-aplikasi-pedulilindungi,2023-03-02
https://www.ayobandung.com/umum/797809221/pandemi-berakhir-aplikasi-peduli-lindungi-transformasi-nama-menjadi-satu-sehat?page=2,2023-03-02
https://dinkes.jogjaprov.go.id/berita/detail/tranformasi-digital-kesehatan-aplikasi-peduli-lindungi-bertransformasi-menjadi-aplikasi-satu-sehat,2023-03-02
https://www.kompas.id/baca/english/2023/03/02/pedulilindungi-reincarnates-into-satu-sehat-features-expanded,2023-03-02
https://tekno.kompas.com/read/2023/03/02/13150007/pengguna-satu-sehat-mobile-keluhkan-gagal-download-sertifikat-vaksin-dan,2023-03-02
https://www.tribunnews.com/nasional/2023/03/02/cara-download-sertifikat-vaksin-di-satu-sehat-mobile-cukup-login-menggunakan-email-saja,2023-03-02
https://poskota.co.id/2023/03/02/aplikasi-satu-sehat-bisa-digunakan-per-1-maret-2023-cek-fitur-terbarunya,2023-03-02
https://www.liputan6.com/news/read/5221545/infografis-pedulilindungi-jadi-satu-sehat-mobile-per-1-maret-2023,2023-03-02
https://www.ayobandung.com/umum/797809221/pandemi-berakhir-aplikasi-peduli-lindungi-transformasi-nama-menjadi-satu-sehat,2023-03-02
https://depoktoday.hops.id/nasional/3087804151/resmi-per-1-maret-pedulilindungi-berubah-jadi-satu-sehat-mobile-kenali-fitur-terbaru-dan-cara-updatenya,2023-03-02
https://priangan.tribunnews.com/2023/03/02/penjelasan-kemenkes-soal-keluhan-tiket-booster-hilang-di-satusehat-mobile-apakah-masih-bisa-vaksin,2023-03-02
https://tirto.id/cara-cek-sertifikat-vaksin-di-satu-sehat-dan-update-aplikasi-gC4X,2023-03-02
https://www.liputan6.com/regional/read/5222193/pedulilindungi-berubah-jadi-satu-sehat-mobile-berikut-cara-updatenya,2023-03-02
https://www.cnbcindonesia.com/tech/20230302091037-37-418190/begini-cara-download-sertifikat-vaksin-tanpa-aplikasi,2023-03-02
https://www.cnbcindonesia.com/tech/20230301200216-37-418106/aplikasi-pedulilindungi-ganti-satusehat-ini-isi-fungsinya/2,2023-03-02
https://katadata.co.id/digital/teknologi/64004d2a21e34/daftar-fitur-di-aplikasi-satu-sehat-yang-gantikan-pedulilindungi,2023-03-02
https://indonesiabaik.id/infografis/cara-update-pedulilindungi-ke-satusehat-mobile,2023-03-02
https://promkes.kemkes.go.id/pedulilindungi-resmi-berubah-menjadi-satusehat,2023-03-02
https://teknologi.bisnis.com/read/20230302/84/1633336/perbedaan-pedulilindungi-dan-satu-sehat-mobile-apa-saja-fiturnya,2023-03-02
https://tekno.kompas.com/read/2023/03/02/15150027/tiket-booster-hilang-di-satu-sehat-mobile-apakah-masih-bisa-vaksin-ini?page=all,2023-03-02
https://www.kompas.com/tren/read/2023/03/02/204900765/cara-cek-sertifikat-vaksin-di-aplikasi-satu-sehat-mobile,2023-03-02
https://katadata.co.id/digital/teknologi/64000b1e04e3e/cara-download-bukti-vaksin-di-aplikasi-satu-sehat-untuk-naik-kereta,2023-03-02
https://www.cnnindonesia.com/teknologi/20230302110028-190-919775/cara-pakai-fitur-riwayat-imunisasi-anak-di-aplikasi-satusehat,2023-03-02
https://jalantikus.com/healthtech/aplikasi-satu-sehat-tidak-bisa-login/,2023-03-02
https://www.liputan6.com/tekno/read/5219495/pedulilindungi-jadi-satu-sehat-mobile-per-1-maret-tak-perlu-hapus-aplikasi,2023-03-01
https://tekno.kompas.com/read/2023/03/01/08324157/pedulilindungi-jadi-satu-sehat-hari-ini-pengguna-mengeluh-tak-bisa-login?page=all,2023-03-01
https://www.liputan6.com/tekno/read/5220700/aplikasi-pedulilindungi-resmi-berubah-jadi-satusehat-mobile-begini-tampilannya-di-hp-android,2023-03-01
https://teknologi.bisnis.com/read/20230301/84/1632898/aplikasi-satu-sehat-error-tidak-bisa-login-kemenkes-mohon-maaf,2023-03-01
https://www.hukumonline.com/berita/a/berganti-menjadi-aplikasi-satu-sehat--kerahasiaan-data-pribadi-harus-terjaga-lt640025898577c/,2023-03-01
https://www.liputan6.com/health/read/5221018/aplikasi-satusehat-tak-perlu-lagi-diunduh-tinggal-update-dari-pedulilindungi,2023-03-01
https://teknostyle.id/2023/03/01/selamat-datang-aplikasi-satu-sehat-simak-fitur-barunya/,2023-03-01
https://www.liputan6.com/news/read/5221342/7-fakta-aplikasi-pedulilindungi-resmi-berganti-jadi-satu-sehat-mobile,2023-03-01
https://www.cnbcindonesia.com/tech/20230301105315-37-417891/baru-ganti-pedulilindungi-satu-sehat-mobile-error,2023-03-01
https://tekno.kompas.com/read/2023/03/01/07274187/aplikasi-pedulilindungi-resmi-berganti-jadi-satu-sehat-hari-ini,2023-03-01
https://www.kompas.id/baca/humaniora/2023/03/01/perluas-manfaat-dalam-aplikasi-satu-sehat,2023-03-01
https://www.koran-gala.id/news/5877790952/kemenkes-data-pengguna-aplikasi-satu-sehat-aman,2023-03-01
https://www.medcom.id/nasional/peristiwa/eN4LnyON-berubah-jadi-satu-sehat-pedulilindungi-malah-sakit-sulit-login-dan-sertifikat-vaksin-hilang,2023-03-01
https://www.kompas.com/tren/read/2023/03/01/131100165/pengguna-aplikasi-satu-sehat-mobile-keluhkan-tak-bisa-login-ini-kata?page=all,2023-03-01
https://www.liputan6.com/tekno/read/5220599/top-3-tekno-pedulilindungi-jadi-satu-sehat-mobile-hingga-m-banking-bca-error-lagi,2023-03-01
https://wartakota.tribunnews.com/2023/03/01/resmi-hari-ini-aplikasi-pedulilindungi-berubah-jadi-satu-sehat-yuk-langsung-di-update,2023-03-01
https://coconuts.co/jakarta/news/pedulilindungi-is-now-satu-sehat-following-rebrand-but-people-say-theyre-struggling-to-log-in/,2023-03-01
https://www.rri.co.id/kesehatan/177012/peduli-lindungi-jadi-satu-sehat-mobile-kai-imbau-pelanggan-bawa-bukti-vaksin,2023-03-01
https://teknologi.bisnis.com/read/20230301/84/1632884/kenali-fitur-diari-kesehatan-di-satu-sehat-mobile,2023-03-01
https://surabaya.tribunnews.com/2023/03/01/solusi-aplikasi-satu-sehat-mobile-pengganti-pedulilindungi-tak-bisa-login-kemenkes-imbau-ini,2023-03-01
https://www.liputan6.com/surabaya/read/5221024/aplikasi-satu-sehat-mobile-gantikan-pedulilindungi-bisa-catat-pengukuran-tubuh-hingga-detak-jantung,2023-03-01
https://health.detik.com/berita-detikhealth/d-6594376/update-pedulilindungi-ke-satu-sehat-malah-error-pengguna-tak-bisa-log-in,2023-03-01
https://www.liputan6.com/health/read/5223232/cara-mudah-update-pedulilindungi-ke-satu-sehat-mobile,2023-03-01
https://www.liputan6.com/tekno/read/5220759/satu-sehat-mobile-susah-login-usai-berubah-dari-pedulilindungi-ini-kata-kemenkes,2023-03-01
https://www.kompas.com/tren/read/2023/03/01/104900465/berubah-jadi-satu-sehat-mobile-begini-nasib-pengguna-pedulilindungi,2023-03-01
https://diskominfo.kaltimprov.go.id/kesehatan/1-maret-pedulilindungi-berubah-jadi-satusehat-mobile,2023-03-01
https://www.inews.id/multimedia/infografis/infografis-aplikasi-pedulilindungi-berubah-jadi-satu-sehat-mobile,2023-03-01
https://www.detik.com/sulsel/berita/d-6595244/pedulilindungi-resmi-berganti-jadi-satu-sehat-kini-hadir-dengan-fitur-baru,2023-03-01
https://tekno.kompas.com/read/2023/03/01/16300017/sudah-bisa-login-begini-tampilan-satu-sehat-mobile-yang-gantikan-pedulilindungi,2023-03-01
https://tekno.kompas.com/read/2023/03/01/09262447/cara-update-pedulilindungi-jadi-satu-sehat-mobile-di-android-dan-ios,2023-03-01
https://www.jatimnetwork.com/teknologi/437797481/kenapa-aplikasi-satu-sehat-mobile-tidak-bisa-login-ternyata-terkait,2023-03-01
https://teknologi.bisnis.com/read/20230301/84/1632894/aplikasi-satu-sehat-mobile-jebol-ini-jawaban-kemenkes,2023-03-01
https://www.medcom.id/nasional/peristiwa/9K5DY11k-netizen-sambat-soal-sertifikat-vaksin-hilang-di-satu-sehat-begini-penjelasan-kemenkes,2023-03-01
https://tekno.kompas.com/read/2023/03/01/09000077/tak-perlu-download-satu-sehat-mobile-aplikasi-pedulilindungi-berubah-otomatis,2023-03-01
https://narasi.tv/read/narasi-daily/aplikasi-pedulilindungi-resmi-berganti-nama-menjadi-satu-sehat-mobile,2023-03-01
https://timesindonesia.co.id/peristiwa-daerah/447536/peduli-lindungi-berubah-calon-penumpang-ka-diimbau-bawa-bukti-vaksinasi-covid19,2023-03-01
https://www.kompas.tv/article/383426/cara-update-pedulilindungi-ke-satu-sehat-mobile-pakai-hp-sinau,2023-03-01
https://www.krjogja.com/nasional/1242455852/satu-sehat-mobile-masa-transisi-sulit-login-masih-mirip-pedulilindungi,2023-03-01
https://www.inews.id/news/nasional/hari-ini-aplikasi-pedulilindungi-berubah-jadi-satu-sehat-mobile,2023-03-01
https://www.liputan6.com/health/read/5219614/aplikasi-pedulilindungi-akan-berubah-jadi-satusehat-mulai-1-maret-apa-saja-keunggulannya,2023-03-01
https://tekno.kompas.com/read/2023/03/01/11450097/fitur-fitur-satu-sehat-mobile-yang-gantikan-pedulilindungi-tak-cuma-berisi-data,2023-03-01
https://tekno.kompas.com/read/2023/03/01/09405077/satu-sehat-mobile-tak-bisa-login-kemenkes-imbau-pakai-kartu-fisik?page=all,2023-03-01
https://www.liputan6.com/health/read/5220727/tidak-bisa-login-ke-satu-sehat-mobile-kemenkes-sedang-dalam-penanganan,2023-03-01
https://www.liputan6.com/health/read/5220715/pedulilindungi-berubah-jadi-satu-sehat-mobile-kok-enggak-bisa-login,2023-03-01
https://katadata.co.id/digital/teknologi/63fde766013d4/pedulilindungi-ganti-nama-jadi-satu-sehat-berapa-jumlah-pengguna,2023-03-01
https://jabar.tribunnews.com/2023/03/01/pedulilindungi-berubah-menjadi-satu-sehat-mulai-hari-ini-apa-bedanya,2023-03-01
https://www.kompas.com/tren/read/2023/03/01/160500765/cara-instal-aplikasi-satu-sehat-mobile-di-ponsel-android?page=all,2023-03-01
https://kalteng.antaranews.com/berita/622593/mulai-1-maret-aplikasi-pedulilindungi-jadi-satu-sehat-hingga-keamanan-data-pengguna-aman,2023-03-01
https://sumeks.disway.id/read/656006/mulai-hari-ini-aplikasi-peduli-lindugi-ganti-nama-jadi-satu-sehat-mobile,2023-03-01
https://health.detik.com/berita-detikhealth/d-6594805/kesulitan-log-in-ke-satu-sehat-apa-yang-harus-dilakukan-begini-panduannya,2023-03-01
https://www.liputan6.com/health/read/5220894/headline-pedulilindungi-jadi-satu-sehat-mobile-per-1-maret-2023-ragam-manfaatnya,2023-03-01
https://telset.id/how-to/cara-update-aplikasi-pedulilindungi-ke-satu-sehat/,2023-03-01
https://gaya.tempo.co/read/1697831/mengenal-aplikasi-satu-sehat-dan-perbedaannya-dengan-pedulilindungi,2023-03-01
https://tekno.kompas.com/read/2023/03/01/11132407/kemenkes-ungkap-penyebab-sulit-login-aplikasi-satu-sehat,2023-03-01
https://www.hariankepri.com/hari-ini-pedulilindungi-berganti-jadi-aplikasi-satu-sehat-mobile/,2023-03-01
https://www.liputan6.com/health/read/5220790/pengguna-android-sudah-bisa-akses-satu-sehat-mobile,2023-03-01
https://teknologi.bisnis.com/read/20230301/84/1632874/pedulilindungi-jadi-satu-sehat-pengguna-tidak-bisa-login,2023-03-01
https://www.liputan6.com/health/read/5220960/aplikasi-satusehat-bakal-dilengkapi-fitur-baru-untuk-pantau-kesehatan-diri-dan-orang-terdekat,2023-03-01
https://www.liputan6.com/tekno/read/5220878/sempat-error-usai-berubah-dari-pedulilindungi-kemenkes-satu-sehat-mobile-sudah-normal,2023-03-01
https://www.beritasatu.com/lifestyle/1030291/kemenkes-gandeng-bssn-jamin-keamanan-data-pengguna-aplikasi-satu-sehat,2023-03-01
https://www.liputan6.com/health/read/5221050/kemenkes-masih-masa-transisi-tahap-awal-satu-sehat-mobile-masih-mirip-pedulilindungi,2023-03-01
https://tekno.kompas.com/read/2023/03/01/18300037/beda-dengan-pedulilindungi-ini-cara-cek-sertifikat-vaksin-di-satu-sehat-mobile,2023-03-01
https://mediaindonesia.com/humaniora/561878/kemenkes-pastikan-keamanan-data-pengguna-aplikasi-satu-sehat,2023-02-28
https://www.rri.co.id/tahuna/kesehatan/175608/registrasi-platform-satu-sehat-mulai-dibuka-untuk-umum,2023-02-28
https://www.beritasatu.com/lifestyle/1030080/pedulilindungi-dilebur-jadi-satu-sehat-kemenkes-cuma-ganti-nama,2023-02-28
https://mediaindonesia.com/humaniora/561859/kemenkominfo-kewenangan-kemenkes-ganti-pedulilindungi-menjadi-satu-sehat-mobile,2023-02-28
https://health.detik.com/berita-detikhealth/d-6593385/ada-diari-kesehatan-di-satu-sehat-pengganti-pedulilindungi-ini-fungsinya,2023-02-28
https://www.liputan6.com/tekno/read/5219798/cek-fitur-aplikasi-satu-sehat-mobile-yang-gantikan-pedulilindungi-per-1-maret-2023,2023-02-28
https://sehatnegeriku.kemkes.go.id/baca/rilis-media/20230228/2042474/besok-pedulilindungi-resmi-bertransformasi-menjadi-satusehat-mobile/,2023-02-28
https://www.kompas.com/tren/read/2023/02/28/173000965/pedulilindungi-jadi-satu-sehat-mulai-1-maret-2023-apa-saja-fiturnya-?page=all,2023-02-28
https://mediaindonesia.com/humaniora/561697/platform-satu-sehat-diharap-jadi-standar-kesehatan-nasional,2023-02-28
https://www.liputan6.com/tekno/read/5219755/transisi-ke-satu-sehat-mobile-pedulilindungi-lakukan-maintenance,2023-02-28
https://health.detik.com/berita-detikhealth/d-6593148/kemenkes-pedulilindungi-berubah-malam-ini-satu-sehat-bisa-dipakai-warga-1-maret,2023-02-28
https://news.solopos.com/pedulilindungi-jadi-satu-sehat-mobile-ini-sederet-layanan-yang-diberikan-1561286,2023-02-28
https://surabaya.jatimnetwork.com/nasional/527775761/catat-peduli-lindungi-beralih-menjadi-satu-sehat-mobile-mulai-1-maret-2023,2023-02-28
https://mediaindonesia.com/humaniora/561599/kemenkes-sebut-aplikasi-satu-sehat-mobile-akan-memudahkan-masyarakat,2023-02-28
https://katakutip.com/pedulilindungi-jadi-aplikasi-satu-sehat-mobile/,2023-02-28
https://www.antvklik.com/headline/581718-mulai-1-maret-aplikasi-peduli-lindungi-akan-berubah-jadi-satu-sehat,2023-02-28
https://www.detik.com/jabar/berita/d-6592268/jangan-dihapus-pedulilindungi-akan-berubah-jadi-satu-sehat-hari-ini,2023-02-28
https://www.kompas.com/tren/read/2023/02/28/171500265/cara-update-pedulilindungi-ke-satu-sehat-mobile-dan-fitur-fiturnya-?page=all,2023-02-28
https://tribratanews.polri.go.id/blog/nasional-3/per-maret-aplikasi-pedulilindungi-transformasi-ke-satu-sehat-mobile-55068,2023-02-28
https://www.antaranews.com/berita/3418806/kemenkes-pastikan-keamanan-data-pengguna-aplikasi-satu-sehat,2023-02-28
https://www.liputan6.com/tekno/read/5220024/pengguna-ios-duluan-pakai-aplikasi-satu-sehat-mobile-per-1-maret-2023-hp-android-kapan,2023-02-28
https://katadata.co.id/digital/teknologi/63fd89a047492/pedulilindungi-akan-berubah-jadi-satu-sehat-besok,2023-02-28
https://www.ayobandung.com/gaya-hidup/797776435/wajah-baru-aplikasi-pedulilindungi-berubah-nama-jadi-satu-sehat-mobile-bakal-lebih-banyak-fitur,2023-02-28
https://www.inilahbandung.com/nasional/5847785333/mulai-besok-pedulilindungi-berubah-jadi-satu-sehat-mobile,2023-02-28
https://en.antaranews.com/news/274164/pedulilindungi-to-transform-into-satusehat-mobile-from-march-1,2023-02-28
https://news.solopos.com/mulai-besok-aplikasi-pedulilindungi-otomatis-berubah-jadi-satu-sehat-mobile-1561280,2023-02-28
https://mojok.co/kilas/kesehatan/3-keunggulan-satu-sehat-mobile-aplikasi-pengganti-pedulilindungi/,2023-02-28
https://health.detik.com/berita-detikhealth/d-6590885/pedulilindungi-bakal-hilang-dari-hp-tenang-mulai-besok-ganti-jadi-satu-sehat,2023-02-27
https://teknologi.bisnis.com/read/20230227/84/1632233/lika-liku-transformasi-pedulilindungi-jadi-satu-sehat,2023-02-27
https://www.antaranews.com/berita/3416217/kemenkes-aplikasi-pedulilindungi-jadi-satu-sehat-mobile-mulai-1-maret,2023-02-27
https://en.antaranews.com/news/274044/pedulilindungi-to-become-satu-sehat-mobile-govt,2023-02-27
https://en.antaranews.com/news/274059/ministry-slashes-number-of-data-reporting-apps-through-satu-sehat,2023-02-27
https://health.detik.com/berita-detikhealth/d-6591815/pedulilindungi-berubah-jadi-satu-sehat-kemenkes-jamin-data-tak-bocor,2023-02-27
https://www.detik.com/jateng/berita/d-6591928/aplikasi-pedulilindungi-berubah-jadi-satu-sehat-ada-fitur-baru,2023-02-27
https://inet.detik.com/mobile-apps/d-6590309/besok-aplikasi-pedulilindungi-berubah-jadi-satu-sehat-mobile,2023-02-27
https://www.antaranews.com/berita/3416289/kemenkes-fokuskan-satu-sehat-jadi-platform-kesehatan-utama-indonesia,2023-02-27
https://www.antaranews.com/berita/3416379/kemenkes-pemahaman-terkait-rekam-medis-tantangan-bagi-satu-sehat,2023-02-27
https://radarlampung.disway.id/read/662965/peduli-lindungi-dihapuskan-bakal-transisi-menjadi-satusehat-mobile,2023-02-27
https://en.antaranews.com/news/274038/satu-sehat-to-be-indonesias-main-health-platform-ministry,2023-02-27
https://teknologi.bisnis.com/read/20230227/84/1632035/besok-aplikasi-pedulilindungi-hilang-ganti-jadi-satu-sehat,2023-02-27
https://www.cnnindonesia.com/teknologi/20230226173343-185-918074/pakar-ungkap-risiko-keamanan-pedulilindungi-jadi-satu-sehat-mobile,2023-02-26
https://www.detik.com/jatim/berita/d-6589383/pengguna-pedulilindungi-mulai-diminta-migrasi-data-ke-satu-sehat-mobile,2023-02-26
https://www.cnnindonesia.com/teknologi/20230226142300-185-918024/pedulilindungi-bakal-berubah-jadi-satu-sehat-bagaimana-data-pengguna,2023-02-26
https://www.detik.com/sulsel/berita/d-6588144/aplikasi-satu-sehat-mobile-akan-gantikan-pedulilindungi-ini-fiturnya,2023-02-25
https://www.rri.co.id/kesehatan/171830/kemenkes-berencana-luncurkan-platform-satu-sehat-pekan-depan,2023-02-24
https://inet.detik.com/mobile-apps/d-6584874/aplikasi-pedulilindungi-jadi-satu-sehat-mobile-fungsi-dan-fiturnya-apa-saja,2023-02-23
https://www.cnbcindonesia.com/tech/20230223163909-37-416440/mau-ganti-satu-sehat-data-pedulilindungi-harus-dimusnahkan,2023-02-23
https://teknologi.bisnis.com/read/20230223/84/1630918/apa-itu-satu-sehat-mobile-aplikasi-pengganti-pedulilindungi,2023-02-23
https://www.cnbcindonesia.com/tech/20230223163243-37-416438/aplikasi-satu-sehat-simpan-data-kesehatan-warga-ri-aman,2023-02-23
https://www.antaranews.com/berita/3411036/bssn-perkuat-keamanan-jelang-transformasi-pedulilindungi-ke-satu-sehat,2023-02-23
https://www.cnbcindonesia.com/tech/20230223180231-37-416486/pedulilindungi-jadi-satu-sehat-warga-ri-harus-kasih-izin,2023-02-23
https://inet.detik.com/mobile-apps/d-6582058/mengenal-apa-itu-satu-sehat-mobile-pengganti-pedulilindungi,2023-02-22
https://www.detik.com/jabar/berita/d-6581374/pedulilindungi-bakal-lenyap-diganti-satu-sehat-mobile,2023-02-21
https://fokusjabar.id/2023/02/20/aplikasi-pedulilindungi-bakal-berubah-jadi-satu-sehat-mobile/,2023-02-20
https://cyberthreat.id/read/15386/Ini-Alasan-Kemenkes-Ubah-Aplikasi-PeduliLindungi-Jadi-Satu-Sehat,2023-02-20
https://www.antaranews.com/berita/3405273/cisdi-disparitas-digital-tantangan-integrasikan-data-di-satu-sehat,2023-02-20
https://uzone.id/pedulilindungi-akan-berubah-nama-jadi-satu-sehat-apa-fungsinya-,2023-02-20
https://govinsider.asia/intl-en/article/Indonesia-makes-health-data-available-at-ones-fingertips,2023-02-19
https://www.merdeka.com/cek-fakta/hati-hati-surat-palsu-catut-kemenkes-terkait-pengembangan-program-satu-sehat.html,2023-02-17
https://kalbarterkini.pikiran-rakyat.com/nasional/pr-1636286132/pedulilindungi-akan-diganti-aplikasi-satu-sehat-mobile-masihkah-jadi-syarat-perjalanan?page=all,2023-02-17
https://indonesiaexpat.id/news/pedulilindungi-turning-into-integrated-health-app-satusehat-mobile/,2023-02-17
https://www.ihwal.id/teknologi/pr-6827594820/aplikasi-peduli-lindungi-aplikasi-yang-dikembangkan-oleh-kemenkes-akan-berganti-menjadi-aplikasi-ini,2023-02-17
https://www.antaranews.com/berita/3399354/pedulilindungi-segera-bertransformasi-jadi-aplikasi-satu-sehat,2023-02-16
https://kalsel.antaranews.com/berita/360621/peduli-lindungi-to-become-satu-sehat-mobile-on-feb-28,2023-02-16
https://dailysocial.id/post/berkenalan-dengan-aplikasi-satu-sehat-layanan-kesehatan-di-era-digital,2023-02-14
https://sehatnegeriku.kemkes.go.id/baca/rilis-media/20230209/2342374/awas-beredar-surat-palsu-mengatasnamakan-kementerian-kesehatan-terkait-pengembangan-program-satu-sehat/,2023-02-09
https://www.cnbcindonesia.com/news/20230126071055-4-408293/menteri-jokowi-bikin-super-app-nyambung-ke-peduli-lindungi,2023-01-26
https://katadata.co.id/berita/nasional/63c91014c0b2a/tak-semua-rumah-sakit-siap-terhubung-digitalisasi-satu-sehat,2023-01-19
https://jakartaglobe.id/tech/not-just-for-covid19-tracing-govt-to-upgrade-pedulilindungi,2023-01-06
https://ppid.lampungprov.go.id/detail-post/Gubernur-Lampung-Arinal-Djunaidi-Dorong-Kabupaten-Kota-Maksimalkan-Penggunaan-Aplikasi-Peduli-Lindungi,2023-01-04
https://katadata.co.id/berita/nasional/63b2b6efca0be/pedulilindungi-akan-berubah-jadi-satu-sehat-bank-data-kesehatan-ri,2023-01-02
https://news.detik.com/berita/d-6494273/menkes-transformasikan-pedulilindungi-jadi-satu-sehat-ini-gambarannya,2023-01-02
https://intisari.grid.id/read/033636954/begini-nasib-aplikasi-peduli-lindungi-pcr-hingga-antigen-usai-ppkm-resmi-dihentikan,2022-12-31
https://www.suarasurabaya.net/kelanakota/2022/kemenkes-fitur-janji-temu-dokter-masuk-pengembangan-pedulilindungi/,2022-12-29
https://www.gramedia.com/best-seller/cara-daftar-pedulilindungi/,2022-12-02
https://mettanews.id/lokasi-vaksinasi-pfizer-covid-19-di-solo-ktp-seluruh-indonesia-bisa-daftar/,2022-11-23
http://www.thejakartapost.com/paper/2022/11/22/care-and-protect-apparent-govt-health-app-breach-raises-deeper-data-concerns.html,2022-11-22
https://www.topik.id/2022/11/begini-cek-data-pedulilindungi-yang-dibobol-bjorka-sudah-coba.html,2022-11-21
https://kumparan.com/kumparannews/penghargaan-kominfo-pedulilindungi-jadi-karya-terpilih-di-sektor-layanan-publik-1zEsisAbCB9,2022-11-13
https://indonesiabaik.id/index.php/infografis/makin-mudah-checkin-pedulilindungi-via-web,2022-10-25
https://www.fortuneidn.com/news/surti/cara-cek-sertifikat-vaksin,2022-10-07
https://health.grid.id/read/353510034/7-rumah-sakit-disiapkan-pemerintah-untuk-dukung-ktt-g20-di-bali-peduli-lindungi-dalam-13-bahasa?page=all,2022-10-04
https://sehatnegeriku.kemkes.go.id/baca/rilis-media/20220930/1141177/kini-check-in-pedulilindungi-bisa-lewat-website/,2022-09-30
https://www.fimela.com/info/read/5069772/transformasi-aplikasi-pedulilindungi-setelah-pandemi-covid-19,2022-09-21
https://sehatnegeriku.kemkes.go.id/baca/rilis-media/20220921/3441106/pedulilindungi-raih-penghargaan-indonesia-brand-forum-2022/,2022-09-21
https://indobalinews.pikiran-rakyat.com/nasional/pr-885503894/sempat-eror-aplikasi-peduli-lindungi-sudah-beroperasi-normal?page=all,2022-09-14
https://sehatnegeriku.kemkes.go.id/baca/umum/20220909/0841042/fasyankes-wajib-terapkan-rekam-medis-elektronik/,2022-09-09
https://www.antaranews.com/berita/3108577/kemenkes-pedulilindungi-akan-jadi-aplikasi-layanan-masyarakat,2022-09-09
https://sehatnegeriku.kemkes.go.id/baca/rilis-media/20220830/1941012/sukseskan-ktt-g20-kemenkes-siapkan-pedulilindungi-dalam-13-bahasa/,2022-09-01
https://kemlu.go.id/madrid/id/news/20246/daftar-pertanyaan-implementasi-interoperabilitas-sertifikat-vaksinasi-covid-19-ri-ue,2022-08-05
https://www.apc.org/en/news/pedulilindungi-care-and-protect,2022-08-04
https://sehatnegeriku.kemkes.go.id/baca/umum/20220802/5940831/aplikasi-pedulilindungi-raih-top-inovasi-pelayanan-publik-terpuji-2022/,2022-08-03
https://dinkes.sumselprov.go.id/2022/08/naik-38-terkonfirmasi-covid19-sumsel-2-8-2022-frequently-asked-question-peduli-lindungi/,2022-08-03
https://upk.kemkes.go.id/new/pendaftaran-vaksinasi-covid-19-booster-pertama-vaksin-ke-3-di-upk-kemenkes,2022-07-29
https://setkab.go.id/en/health-ministry-launches-satusehat-platform/,2022-07-28
https://sehatnegeriku.kemkes.go.id/baca/umum/20220726/5140733/kemenkes-ri-resmi-luncurkan-platform-integrasi-data-layanan-kesehatan-bernama-satusehat/,2022-07-27
https://health.grid.id/read/353394241/kemenkes-luncurkan-platform-ihs-satu-sehat-sebagai-upaya-penyeragaman-data-kesehatan-masyarakat?page=all,2022-07-26
https://kumparan.com/hardini-kusumadewi/transformasi-satu-sehat-untuk-semua-1yXR6TGs9TP,2022-07-26
https://www.kompas.id/baca/humaniora/2022/07/26/standarisasi-pertukaran-data-kesehatan-lewat-satusehat,2022-07-26
https://dinkes.sumselprov.go.id/2022/07/24-terkonfirmasi-covid19-sumsel-22-7-2022-cara-unduh-sertifikat-vaksin-internasional-di-peduli-lindungi/,2022-07-23
https://reformasiaktual.com/2022/07/06/pemerintah-kecamatan-makassar-berlakukan-aplikasi-peduli-lindungi-guna-tekan-laju-covid-19/,2022-07-06
https://health.grid.id/read/353360808/dokter-dante-saksono-kemenkes-akan-evaluasi-ulang-penerapan-barcode-peduli-lindungi-di-mal-perkantoran?page=all,2022-07-05
https://sehatnegeriku.kemkes.go.id/baca/rilis-media/20220531/5640005/deretan-transformasi-kesehatan-oleh-menkes-budi/,2022-05-31
https://www.kompas.id/baca/ilmu-pengetahuan-teknologi/2022/05/22/mengintegrasikan-aplikasi-layanan-kesehatan,2022-05-23
https://indonesiabaik.id/index.php/infografis/link-penting-seputar-covid-19,2022-05-10
https://indonesiabaik.id/index.php/infografis/tampilan-baru-aplikasi-pedulilindungi,2022-05-10
https://kominfosandi.kamparkab.go.id/2022/04/28/alhamdulilah-kampar-masuk-level-i-ppkm-kegiatan-kemasyarakatan-dibolehkan-namun-tetap-jaga-prokes-dan-gunakan-aplikasi-peduli-lindungi/,2022-04-28
https://health.detik.com/berita-detikhealth/d-6055325/kenapa-sertifikat-vaksin-ke-3-tidak-muncul-ini-solusinya,2022-04-28
http://www.thejakartapost.com/indonesia/2022/04/19/govt-brushes-off-privacy-concerns-over-covid-19-app.html,2022-04-19
https://sehatnegeriku.kemkes.go.id/baca/rilis-media/20220415/3839664/pedulilindungi-telah-cegah-jutaan-warga-terpapar-covid-19/,2022-04-15
https://www.liputan6.com/health/read/4938078/pedulilindungi-ganti-email-pengaduan,2022-04-14
https://sehatnegeriku.kemkes.go.id/baca/rilis-media/20220414/4539662/penerima-vaksin-luar-negeri-dapat-ajukan-verifikasi-vaksin-dan-klaim-sertifikat-dosis-tambahan-di-pedulilindungi/,2022-04-14
https://metrorakyat.com/2022/03/sat-lanats-polres-simalungun-cegah-penyebaran-covid-19-dengan-memaksimalkan-scan-barcode-peduli-lindungi/,2022-03-15
https://boganinews.com/2022/03/pemkab-boltim-pasang-papan-barcode-aplikasi-peduli-lindungi-di-kantor-bupati/,2022-03-15
https://www.voanews.com/a/thousands-of-refugees-shut-out-from-public-facilities/6480371.html,2022-03-11
https://www.sonora.id/read/423179524/beragam-inovasi-layanan-hadir-bagi-peserta-jkn-kis-di-tengah-pandemi,2022-03-10
https://katadata.co.id/digital/teknologi/621b42b9093b8/tampilan-baru-pedulilindungi-ada-fitur-layanan-isoman-telemedicine,2022-02-27
https://infogarut.id/public/analisis-penggunaan-teknologi-digital-aplikasi-pedulilindungi-untuk-masyarakat,2022-02-24
https://www.wowkeren.com/berita/tampil/00412249.html,2022-02-21
https://sumedangkab.go.id/berita/detail/bapenda-aktifkan-sistem-scan-qr-kode-peduli-lindungi,2022-02-21
https://metrodaily.jawapos.com/lifestyle/2353618095/wajib-scan-barcode-peduli-lindungi-syarat-masuk-polres-tanjungbalai,2022-02-20
https://mmc.kotawaringinbaratkab.go.id/covid/satgas-covid-19-terkonfirmasi-positif-harus-segera-isolasi-agar-tidak-menularkan,2022-02-19
https://www.mediahumaspolri.com/memasuki-mako-polres-pematangsiantar-di-wajibkan-scan-barcode-aplikasi-peduli-lindungi/,2022-02-17
https://setkab.go.id/en/color-coded-indicator-for-covid-19-patients-on-pedulilindungi-app-changes-during-self-isolation/,2022-02-16
https://voi.id/ekonomi/135557/kabar-baik-dari-kimia-farma-sertifikat-vaksin-booster-sinopharm-sudah-tersedia-di-aplikasi-pedulilindungi,2022-02-16
https://katadata.co.id/berita/nasional/620a617f1dba2/cara-daftar-pedulilindungi-dengan-mudah-dan-cepat,2022-02-14
https://sehatnegeriku.kemkes.go.id/baca/umum/20220208/5739275/polri-gelar-vaksinasi-covid-19-massal-targetkan-satu-juta-suntikan/,2022-02-09
https://mediapurwodadi.pikiran-rakyat.com/ekonomi/pr-1863679473/covid-kembali-naik-walikota-semarang-hendrar-prihadi-minta-mall-di-semarang-kembali-terapkan-peduli-lindungi?page=all,2022-02-08
https://www.lampungselatankab.go.id/web/2022/02/07/pimpin-apel-asisten-bidang-administrasi-umum-pinta-seluruh-perkantoran-gunakan-aplikasi-peduli-lindungi/,2022-02-07
https://lifestyle.okezone.com/read/2022/02/07/612/2543646/menkes-ungkap-alasan-aplikasi-peduli-lindungi-lambat-update-datanya-terlalu-banyak?page=all,2022-02-07
https://acehekspres.com/news/bireuen-berlakukan-peduli-lindungi-di-pintu-masuk-kantor/index.html,2022-02-06
https://setkab.go.id/en/govt-to-kick-off-covid-19-booster-shots-for-general-public/,2022-01-12
https://sehatnegeriku.kemkes.go.id/baca/rilis-media/20220111/1739139/vaksin-booster-segera-dimulai-cek-tiket-vaksinasi-di-pedulilindungi/,2022-01-11
https://tribratanews.jambi.polri.go.id/main/detail/650/Sosialisasi-Aplikasi-Peduli-Lindungi---Polsek-Pauh-Lakukan-Patroli-ke-Tempat-Wisata,2022-01-05
https://kumparan.com/berita-update/call-center-dan-kontak-penting-untuk-pengaduan-pedulilindungi-1xEiabL27Ir,2022-01-03
https://mediajawatimur.pikiran-rakyat.com/umum/pr-1693374870/cara-mudah-download-sertifikat-vaksinasi-covid-19-tanpa-aplikasi-pedulilindungi-hanya-lewat-whatsapp?page=all,2022-01-02
https://www.kemkes.go.id/id/mengenal-pengertian-satusehat,2022-01-01
https://medan.tribunnews.com/2021/12/28/check-point-peduli-lindungi-di-jembatan-kampung-lalang-jadi-tempat-sampah?page=all,2021-12-28
https://www.bbc.com/indonesia/indonesia-59759975,2021-12-23
https://icjr.or.id/hentikan-promosi-penggunaan-sanksi-pidana-untuk-dorong-penggunaan-aplikasi-peduli-lindungi/,2021-12-22
https://batu.jatimtimes.com/baca/256795/20211221/081600/tinjau-terminal-arjosari-malang-wakapolresta-soroti-layanan-pedulilindungi-yang-kurang-efektif,2021-12-22
https://mediacenter.singkawangkota.go.id/berita/capaian-vaksinasi-covid-19-kelurahan-mayasopa-tertinggi-di-singkawang/,2021-12-10
https://kumparan.com/berita-update/cara-ganti-nomor-hp-di-pedulilindungi-lewat-aplikasi-whatsapp-1x3dVLUXZBO,2021-12-06
https://pontianakpost.jawapos.com/headline/1462733617/dukung-protokol-covid-melalui-pembelian-tiket-ferry-bri-luncurkan-peduli-lindungi-melalui-agen-brilink,2021-12-03
https://www.balpos.com/ekonomi/1792986647/Dukung-Protokol-Covid-Melalui-Pembelian-Tiket-Ferry-BRI-Luncurkan-Peduli-Lindungi-Melalui-Agen-BRIL,2021-12-03
https://www.pikiran-rakyat.com/ekonomi/pr-013151993/dukung-protokol-covid-melalui-pembelian-tiket-ferry-bri-luncurkan-peduli-lindungi-melalui-agen-brilink?page=all,2021-12-03
https://sorongnews.com/mulai-sekarang-masuk-polres-sorong-kota-wajib-miliki-aplikasi-peduli-lindungi/,2021-11-30
https://semarangku.pikiran-rakyat.com/semarangan/pr-313120398/ppkm-level-3-ini-daftar-aturan-untuk-sektor-pendidikan-sampai-swalayan-di-jogja-tahun-2021?page=all,2021-11-29
https://tangerang.tribunnews.com/2021/11/25/jangan-panik-jika-data-diri-di-sertifikat-vaksin-salah-ini-cara-perbaiki-lewat-wa-pedulilindungi,2021-11-25
https://berita.batangkab.go.id/?p=1&id=8094,2021-11-25
https://www.kompas.com/tren/read/2021/11/22/124500565/infografik--cara-unduh-sertifikat-vaksinasi-via-chatbot-whatsapp,2021-11-22
https://www.tribunnews.com/nasional/2021/11/19/cara-ubah-data-diri-dan-download-sertifikat-vaksin-lewat-chatbot-whatsapp-pedulilindungi,2021-11-19
https://www.fimela.com/info/read/4715039/ubah-data-sertifikat-vaksin-bisa-lewat-whatsapp-begini-caranya,2021-11-19
https://indonesiabaik.id/infografis/download-sertifikat-vaksin-lewat-chatbot-whatsapp-pedulilindungi,2021-11-16
https://pontianak.tribunnews.com/2021/11/15/aplikasi-peduli-lindungi-diterapkan-saat-masuk-mall-ini-tanggapan-sejumlah-warga-pontianak,2021-11-15
https://pontianak.tribunnews.com/2021/11/15/ayani-mega-mall-pontianak-mulai-terapkan-aplikasi-peduli-lindungi-bagi-pengunjung,2021-11-15
https://money.kompas.com/read/2021/11/13/060000326/mudah-ini-cara-menggunakan-chatbot-pedulilindungi,2021-11-13
https://rm.id/baca-berita/nasional/99515/BASE_URL,2021-11-13
https://ajaib.co.id/6-fungsi-aplikasi-peduli-lindungi-yang-perlu-diketahui/,2021-11-12
https://mettanews.id/siap-hadapi-wisatawan-favehotel-solo-baru-terapkan-peduli-lindungi/,2021-11-12
https://kominfo.magetan.go.id/chatbox-whatsapp-peduli-lindungi/,2021-11-12
https://www.liputan6.com/tekno/read/4708152/kemenkes-luncurkan-layanan-chatbot-whatsapp-pedulilindungi,2021-11-11
https://mediacenter.riau.go.id/read/66486/sertifikat-vaksin-tidak-terdata-di-peduli-lin.html,2021-11-11
https://wartapontianak.pikiran-rakyat.com/kalbar/pr-1172992660/dinkes-kalbar-sosialisasikan-penggunaan-aplikasi-peduli-lindungi?page=all,2021-11-11
https://money.kompas.com/read/2021/11/11/193914326/pedulilindungi-tambah-fitur-chatbot-wa-aduan-masyarakat-langsung-diproses,2021-11-11
https://sumeks.disway.id/read/418523/bni-cabang-kayuagung-terapkan-aplikasi-peduli-lindungi,2021-11-11
https://menpan.go.id/site/berita-terkini/kemenkes-luncurkan-chatbot-whatsapp-pedulilindungi,2021-11-11
https://www.suaramerdeka.com/nasional/pr-041626994/layanan-chatbot-pedulilindungi-diluncurkan-pengamanan-didesain-sesuai-verifikasi,2021-11-11
https://sehatnegeriku.kemkes.go.id/baca/umum/20211110/0838834/respons-cepat-pengaduan-sertifikat-vaksinasi-lewat-whatsapp-081110500567/,2021-11-10
https://kalteng.antaranews.com/berita/519225/kemenkes-hadirkan-chatbot-whatsapp-peduli-lindungi,2021-11-10
https://indonesiabaik.id/infografis/tampilan-baru-aplikasi-pedulilindungi,2021-11-02
https://dinaspppa.acehprov.go.id/berita/kategori/sekretariat/penerapan-scan-qr-code-melalui-aplikasi-peduli-lindungi-dinas-pppa-aceh,2021-11-02
https://jatimtimes.com/baca/252956/20211030/125100/disdikbud-kota-malang-berencana-terapkan-peduli-lindungi-di-jenjang-smp,2021-10-30
https://www.liputan6.com/surabaya/read/4695281/seluruh-kantor-pemerintahan-kota-malang-segera-terapkan-aplikasi-peduli-lindungi,2021-10-27
https://radarbanyuwangi.jawapos.com/edukasi/75899154/sman-1-situbondo-terapkan-aplikasi-peduli-lindungi,2021-10-27
https://www.tangerangkota.go.id/berita/detail/28381/disbudpar-monitoring-penggunaan-aplikasi-peduli-lindungi-di-perhotelan,2021-10-26
https://jatim.tribunnews.com/2021/10/26/destinasi-wisata-di-sampang-dibuka-bersyarat-ada-kendala-penerapan-peduli-lindungi,2021-10-26
https://dialeksis.com/aceh/butuh-pelayanan-di-polresta-banda-aceh-jangan-lupa-siapkan-aplikasi-pedulilindungi/,2021-10-17
https://kemenag.go.id/nasional/kemenag-dan-kemenkes-matangkan-konsep-integrasi-siskopatuh-dan-peduli-lindungi-2rgrgx,2021-10-14
https://jateng.idntimes.com/news/jateng/dhana-kencana-1/hore-qr-code-pedulilindungi-tersedia-di-aplikasi-linkaja,2021-10-13
https://jakartaglobe.id/lifestyle/balis-ngaben-ceremony-sets-an-example-of-new-habits-adaptation,2021-10-11
https://www.topsumbar.co.id/2021/10/wako-padang-keluarkan-surat-edaran-percepatan-vaksinasi-dan-peduli-lindungi-pencegahan-pandemi-covid-19/,2021-10-11
https://jatimtimes.com/baca/251404/20211007/185500/pemkab-banyuwangi-usulkan-150-titik-untuk-screening-peduli-lindungi,2021-10-08
https://www.fokussatu.id/nasional/pr-951373558/semakin-mudah-diakses-peduli-lindungi-terintegrasi-pada-50-aplikasi,2021-10-08
https://jabarekspres.com/berita/2021/10/07/tak-perlu-download-lagi-scan-untuk-pedulilindungi-kini-bisa-di-aplikasi-ini/,2021-10-07
https://radarsurabaya.jawapos.com/surabaya/77975305/kbs-buka-lagi-pengunjung-wajib-pakai-aplikasi-peduli-lindungi,2021-10-03
https://nextren.grid.id/read/012918987/scan-pedulilindungi-kini-bisa-dilakukan-tanpa-download-aplikasinya?page=all,2021-10-01
https://mataram.tribunnews.com/2021/09/30/temui-kendala-saat-unduh-sertifikat-vaksin-ini-solusinya-akses-peduli-lindungi-lebih-mudah,2021-09-30
https://jogja.suara.com/read/2021/09/29/140344/diy-siapkan-aplikasikan-peduli-lindungi-di-sekolah,2021-09-29
https://jatimnet.com/cegah-covid-pemkot-mojokerto-terapkan-scan-barcode-peduli-lindungi,2021-09-29
https://jatengpos.co.id/terapkan-aplikasi-peduli-lindungi-wisata-tawangmangu-terkendala-jaringan-internet/rita/,2021-09-28
https://prfmnews.pikiran-rakyat.com/nasional/pr-132682414/peduli-lindungi-akan-dipakai-untuk-masuk-pasar-termasuk-di-bandung?page=all,2021-09-27
https://sehatnegeriku.kemkes.go.id/baca/rilis-media/20210925/5838599/fitur-pedulilindungi-bisa-diakses-di-aplikasi-lain-mulai-oktober/,2021-09-25
https://ambon.tribunnews.com/2021/09/24/masuk-mall-di-ambon-pakai-aplikasi-peduli-lindungi-wakil-rakyat-bikin-masyarakat-tertekan,2021-09-24
https://jatimtimes.com/baca/250422/20210922/090500/penumpang-wajib-gunakan-aplikasi-peduli-lindungi-52-ka-lokal-di-daop-8-sudah-kembali-beroperasi,2021-09-23
https://blitarkota.go.id/berita/qr-code-peduli-lindungi-masih-diajukan-ke-pemerintah-pusat-pemeriksaan-bukti-vaksin-wisata-mbk-dilakukan-manual,2021-09-22
https://radarsemarang.jawapos.com/salatiga/721384894/samsat-salatiga-uji-coba-aplikasi-peduli-lindungi,2021-09-22
https://gadgetren.com/2021/09/21/pesan-invalid-signature-di-aplikasi-pedulilindungi-147010/,2021-09-21
https://mettanews.id/solo-segera-terapkan-aplikasi-peduli-lindungi-di-pasar-tradisional/,2021-09-21
https://style.tribunnews.com/2021/09/20/bahaya-nyalakan-layanan-lokasi-gps-aplikasi-pedulilindungi-saat-di-rumah-masih-sering-eror,2021-09-20
https://www.balidiscovery.com/pedulilindungi-app-required-in-bali/,2021-09-20
https://rm.id/baca-berita/government-action/91703/erick-tinjau-penggunaan-aplikasi-pedulilindungi-di-pelabuhan-ketapang-dan-gilimanuk,2021-09-19
https://beritajatim.com/hotel-novotel-samator-surabaya-terapkan-aplikasi-peduli-lindungi,2021-09-19
https://jember.jatimnetwork.com/teknologi/pr-511182679/berikut-cara-mendaftar-vaksin-melalui-aplikasi-peduli-lindungi-untuk-menghindari-antrian,2021-09-18
https://warta.jogjakota.go.id/detail/index/16975,2021-09-17
https://timesindonesia.co.id/kopi-times/370245/esensi-peduli-lindungi,2021-09-15
https://kaltara.tribunnews.com/2021/09/14/arti-warna-hijau-kuning-merah-dan-hitam-di-aplikasi-peduli-lindungi-simak-penjelasannya,2021-09-14
https://cilacapkab.go.id/v3/diskominfo-bersama-polres-cilacap-gelar-talkshow-peduli-lindungi/,2021-09-14
https://setkab.go.id/en/pedulilindungi-app-accommodates-foreign-issued-vaccination-cardholders/,2021-09-14
https://depok.tribunnews.com/2021/09/13/terapkan-aplikasi-peduli-lindungi-serta-sertifikat-vaksin-bagi-penumpang-krl-kini-beroperasi-penuh,2021-09-13
https://karawangpost.pikiran-rakyat.com/medsos/pr-1422581773/hati-hati-ada-official-website-peduli-lindungi-palsu?page=all,2021-09-12
https://health.grid.id/read/352882362/ada-situs-palsu-peduli-lindungi-untuk-sedot-data-warga-kemkominfo-imbau-unduh-hanya-dari-sumber-resmi?page=all,2021-09-09
https://www.bankinfosecurity.com/two-data-leaks-reported-in-indonesias-covid-19-tracing-apps-a-17478,2021-09-07
https://www.ayobandung.com/umum/pr-791130144/masyarakat-wajib-gunakan-aplikasi-peduli-lindungistrp-dan-surat-tugas-dihapus,2021-09-07
https://bekasi.tribunnews.com/2021/09/06/pt-kai-klaim-uji-coba-aplikasi-peduli-lindungi-di-11-stasiun-kereta-api-lancar,2021-09-06
https://jurnalsumsel.pikiran-rakyat.com/nasional/pr-742512500/dapatkan-vaksin-covid-19-dari-peduli-lindungi-begini-cara-buat-akun-daftar-hingga-cek-status-vaksinasi?page=all,2021-09-02
https://www.healthcareitnews.com/news/asia/around-1-million-people-potentially-affected-suspected-breach-indonesias-covid-19-app,2021-09-02
https://hackread.com/indonesian-govts-covid-19-test-trace-app-data-leak/,2021-09-01
https://beritalubuklinggau.com/pelayanan-swab-antigen-swab-pcr-ar-bunda-terintegrasi-indonesia-health-alert-card-peduli-lindungi/,2021-08-31
https://www.medianasional.id/asdp-integrasikan-layanan-tiket-online-ferizy-dengan-aplikasi-pedulilindungi/,2021-08-29
https://metro.tempo.co/read/1500105/layanan-kai-terhubung-pedulilindungi-yang-belum-vaksin-tak-bisa-naik-kereta,2021-08-29
https://altumnews.com/2021/08/29/asdp-integrasikan-layanan-tiket-online-ferizy-dengan-aplikasi-pedulilindungi/,2021-08-29
https://www.solotrust.com/read/39321/Aplikasi-Peduli-Lindungi-Jadi-Syarat-Masuk-Mal-SGM-Siapkan-QR-Code-di-Pintu-Masuk,2021-08-24
https://www.sonora.id/read/422854977/resmi-berlaku-masuk-mal-di-makassar-wajib-pakai-aplikasi-peduli-lindungi,2021-08-24
http://www.barometer99.com/2021/08/dirsamapta-polda-jatim-bahas-pelaporan.html,2021-08-24
https://mimbarmaritim.com/2021/08/24/kemenhub-dukung-penerapan-aplikasi-peduli-lindungi-di-seluruh-moda-transportasi/,2021-08-24
https://jateng.idntimes.com/news/jateng/fariz-fardianto/ganjar-anggap-aplikasi-peduli-lindungi-yang-dipasang-di-mal-bikin-ribet,2021-08-23
https://makassar.tribunnews.com/2021/08/23/masuk-mal-harus-pakai-aplikasi-peduli-lindungi-solusinya-jika-saat-chek-in-tapi-error,2021-08-23
https://betanews.id/2021/08/mal-di-solo-mulai-uji-coba-penggunaan-aplikasi-peduli-lindungi.html,2021-08-23
https://bogor.tribunnews.com/2021/08/22/cara-menggunakan-aplikasi-peduli-lindungi-saat-masuk-mal,2021-08-22
https://matabandung.pikiran-rakyat.com/nasional/pr-1822405820/ada-kesalahan-yang-muncul-di-sertifikat-vaksinasi-covid-19-anda-begini-cara-mengatasinya?page=all,2021-08-16
https://kaltara.tribunnews.com/2021/08/15/syarat-pengunjung-bisa-masuk-mal-kini-wajib-scan-barcode-sertifikat-vaksin-covid-19,2021-08-15
https://sehatnegeriku.kemkes.go.id/baca/rilis-media/20210814/5838287/sertifikat-vaksin-data-bermasalah-ini-solusinya/,2021-08-14
https://mamikos.com/info/sudah-vaksin-covid-belum-dapat-sertifikat-pedulilindungi-id-gnr/,2021-08-13
https://indonesiaexpat.id/news/how-to-file-complaint-on-vaccine-certificate-not-appearing/,2021-08-13
https://malangterkini.pikiran-rakyat.com/nasional/pr-1252386407/cara-daftar-vaksin-covid-19-hingga-download-sertifikat-vaksinasi-melalui-situs-dan-aplikasi-peduli-lindungi?page=all,2021-08-13
https://www.kompasiana.com/titoadam/6113873d010190581b367f22/pengalaman-masuk-mall-gunakan-aplikasi-peduli-lindungi-apa-manfaat-dan-ruginya,2021-08-11
https://banjarmasin.tribunnews.com/2021/08/03/penumpang-pesawat-bandara-tjilik-riwut-palangkaraya-kalteng-wajib-aplikasi-peduli-lindungi,2021-08-03
https://www.idxchannel.com/economics/masih-bingung-ini-tips-mudah-download-dan-cetak-sertifikat-vaksin-covid-19,2021-07-12
https://kaltara.tribunnews.com/2021/07/10/download-sertifikat-vaksin-covid-19-via-hp-simak-cara-daftar-akun-peduli-lindungi,2021-07-10
https://banjarmasin.tribunnews.com/2021/07/06/link-download-sertifikat-vaksinasi-covid-19-di-pedulilindungiid-cukup-siapkan-hp,2021-07-06
https://www.parapuan.co/read/532774014/cara-download-sertifikat-vaksin-covid-19-di-pedulilindungi-mudah-kok,2021-07-05
https://transkepri.com/news/detail/9066/cara-download-dan-cetak-sertifikat-vaksin-covid19-biar-pas-masuk-dompet,2021-07-04
https://balanganews.com/nasional/berita-35820/ini-3-cara-mendownload-sertifikat-vaksin-covid-19.html,2021-07-04
https://mediajawatimur.pikiran-rakyat.com/umum/pr-1692162257/2-cara-mudah-download-sertifikat-vaksinasi-covid-19?page=all,2021-07-04
https://sehatnegeriku.kemkes.go.id/baca/umum/20210701/5238000/kemenkes-luncurkan-qr-code-untuk-aplikasi-pedulilindungi-perkuat-tracking-dan-contact-tracing-covid-19/,2021-07-01
https://sehatnegeriku.kemkes.go.id/baca/umum/20210115/0436650/penerima-vaksinasi-covid-19-dapat-registrasi-via-wa/,2021-01-15
https://sudutpandang.id/cegah-penyebaran-covid-19-kodim-1207-bs-sosialisasi-aplikasi-ini/,2021-01-15
https://bekasi.pikiran-rakyat.com/nasional/pr-121201009/kunjungi-situs-pedulindungiid-untuk-cek-apakah-anda-terdaftar-sebagai-penerima-vaksin-covid-19?page=all,2021-01-01
https://infokomputer.grid.id/read/122488109/tingkatkan-layanan-pedulilindungi-gandeng-good-doctor-dan-grabhealth,2020-12-29
https://m.kominfo.go.id/content/detail/31755/kominfo-perbaharui-aplikasi-pedulilindungi-guna-penguatan-layanan-telemedis-di-masa-covid-19/0/sorotan_media,2020-12-24
https://www.cnbcindonesia.com/tech/20201223171440-37-211292/pengumuman-kini-bisa-konsultasi-kesehatan-di-pedulilindungi,2020-12-23
https://hellosehat.com/saraf/stroke/telur-kurangi-risiko-penyakit-stroke/,2020-12-08
https://indonesia.go.id/kategori/kesehatan/1908/konsultasi-dokter-di-aplikasi-pedulilindungi?lang=1,2020-06-28
https://dailysocial.id/post/aplikasi-pedulilindungi-tambah-layanan-telemedicine-dari-halodoc,2020-06-25
https://www.simpulrakyat.co.id/2020/04/cegah-covid-19-kadis-kominfo-pangkep-sarankan-warga-unduh-aplikasi-peduli-lindungi.html,2020-04-27
http://www.thejakartapost.com/life/2020/04/21/what-to-know-before-using-pedulilindungi-surveillance-app-according-to-cybersecurity-expert.html,2020-04-21
https://www.suara.com/tekno/2020/04/16/130005/melihat-cara-kerja-aplikasi-pedulilindungi?page=all,2020-04-16
https://www.geospatialworld.net/apps/covid-19/indonesia-launches-pedulilindungi-app-to-take-on-covid-19/,2020-04-10
https://jakartaglobe.id/news/minister-encourages-indonesians-to-install-covid19-surveillance-app,2020-04-08
https://www.halodoc.com/artikel/gaya-hidup-sehat-untuk-pemilik-satu-ginjal,2020-02-24
https://sehatnegeriku.kemkes.go.id/baca/umum/20190927/5231823/kemenkes-luncurkan-aplikasi-satu-data-kesehatan-dan-tanda-tangan-digital/,2019-09-28
https://sehatnegeriku.kemkes.go.id/baca/umum/20190129/3629259/satu-rumah-satu-jumantik-efektif-cegah-dbd/,2019-01-29
https://health.detik.com/kebugaran/d-4277353/cekrek-foto-foto-nomor-satu-sehat-kemudian,2018-10-29
https://sehatnegeriku.kemkes.go.id/baca/rilis-media/20160505/5214922/inilah-perbedaan-4-sehat-5-sempurna-dengan-gizi-seimbang/,2016-05-05
https://health.detik.com/true-story/d-2136023/kembar-tapi-tak-sama-satu-sehat-satu-lagi-down-syndrome,2013-01-08
